clean_text,sentimen
mungkin ingat allah atas jadi masjid agung sibolga,neutral
makanya warga asli papua sangat tentang program perintah bisnis pribadi tebang hutan kamikarna tidak mau alami sama para saudara dliuar pulau papua seluruh indonesia moga cepat pulih sumatera utara aceh para korban sehat semua yaselalu lindung tuhan,negative
allah lindung saudarasaudari semua,neutral
pray for sumatera,neutral
punya duit yang tebang phon sembarang nikmat duitny yang kena imbas rakyat kecil,negative
akibat dampak mulyono sama boby,neutral
stayy fokuss,negative
hulu hutan di bbat habis semua jadi kena dampak,negative
kemarin musafir tinggal bunuh masjid rumah ibadah rumah allah swt sakral jadi mungkin tegur mereka biar lebih baik dari belum,negative
allahlindungilah saudara,negative
efek gundulim hutan jadi kebun sawitpemerintah tanggung jawab,negative
perintah tonton sumatra landa bencanalain kalau pulau jawa landa bencana bantu cpat mengalirapa sumatra bukan bagi indonesia,negative
salah para oknum oknum babat hutan ganti lahan sawit yang buanh sampah sembarang,negative
allah robbykasihan,negative
ai bukan sih,negative
ini salah jawa,negative
tuhan yesus lindung lah saudara,negative
prabowo kok ke sumatera kita orang sumatera salah apa kok pilih kasih begini,negative
kok banyak kayu glondongan,negative
punya usaha enak enak kamar berac warga tempat rasa bencana,positive
jangan tinggal sholat,negative
perintah utama dulu sedang kena bencana,negative
jadi jangan perintah hancurlan hutan bukan lindung rakyat balik halo perintah lihat bagaimana tanggung jawab masih luas hancur hutan,negative
hutan gundul air terjun bebas halang,negative
ini bukti perintah kuasa beri izin prusahaan akhir dampak buat masyarakat kalau seperti siapa harus brtanggung jawab,neutral
alhmdulilah tmpatku dulu amankrn duduk taat agama satu dusun ada masjid musholaorgnya rukun saling hormat,positive
allah akan turun buah musibah daerah sebut semua orang iman tiap wilayahdaerah kenpa banyak bencana bilang lebih banyak orang maksiat banding orang ibadah diturunkanya tegur musibah nauzubillah moga lalau istikamah jalan allah amin,negative
bantu doa,neutral
banyak tambang situ,negative
tegur allah,negative
guys medan banjir,negative
bobby mana,negative
jawahama,neutral
sending prayers,negative
medan,neutral
akibat hutan gundul resap air hujan dapat tampung deras ajar kita jaga hutan,negative
lebih parah sumutdari aceh,negative
jangan pohon hut besi depan rumah hilang sekarang banjir bandang datang,negative
sabar sodarakuhanya doa bisa ku ikan moga kalian baik dan musibah cpat lalu,positive
innalilahi wainnailaihi rajiun lindung saudara yang di sana allah,negative
hyang widhi wasa lindung dari segala musibah bencana swaha mohon tabah sabar saudara yang kena musibah,positive
di bawa banjir banyak pohon efek gundul hutan,negative
gubernur bagaimana belum tanggap sangkut banjir bandang tanah longsor,neutral
alhamdulillah jawa barat punya gubernur sseperti singa jaga alam upaya prepentif terus jalan alit sungai terus keruk alir tutup bangun bongkar alam jaga,positive
lindung ya allohbajunya basah lumpur dingin,negative
mandailing natal kayak sering sekali kena banjir bandang begini tanah longsor seperti daerah rawan,neutral
besar apa musibah hanya doa moga ada korban jiwa aallhh,negative
kalau jaman jokowi di salah jokowi,negative
hutan jadi tahan tanah tampung air babat habis anggar bencana alam potong kurang fasilitas padahal negara rawan bencana alam negeri puncak komedi,neutral
pemerinta lihat pas suarain rakyat bilang cuma cuaca ekstrem banjir kayu gelondong gara gara hutan tebang,negative
lebih sedih anak pukul mesjid di bandung,negative
bayang situasi ini malam lampu matigk signaladuhhh apa selain mendoakansemoga saudara di sumatra lindung allah swt amin,negative
pulih indonesia ku,negative
presiden,neutral
serius min kabupaten yaoh kabupaten sumatra kecil begitu provinsi,neutral
allahuaqbar,neutral
tim sar mana,neutral
moga mudah segala urus dan moga sentiasa lindung,positive
masyaloh moga lekas baik,positive
good,positive
allah,negative
moga selamat semua rakyat indonesia,positive
presiden kok ada komen,neutral
allah innalillahi,positive
innalilahi wa innailaihi rajiun,positive
tuhan surut air selamat semua segala bencana alam serta hewan hewan ya bapa allah roh kudus tolong,neutral
moga baik baik,positive
karena pohon banyak tebang makanya ada akar tahan tanah makanya jadi longsor,negative
allah robbi lindung dan semua allah,positive
tuhan yesus,negative
aduh tuhan sdra sendiri,negative
innalillahi wainnailaihi rojiun allah selamat lah saudara saudara amin,positive
moga tabah hadap uji selamat bencana,neutral
turut dukacita atas musibah banjir landa moga perintah cepat turun tangan tanggap darurat bencana,neutral
raja jawa,neutral
allah lindung saudara,negative
allah moga ada korban,neutral
prayforsumatera prayforsumbar prayforsumut prayforaceh,neutral
menang banget lihat berita ya allah,positive
prayers for provisions and shelter,neutral
pray for sumatra utara,neutral
innalillahi wainnailaihi rojiun,positive
moga disanah baik dalam lindung allah swt jaga allah swt amin allah mujib mujib mujib,positive
ai mirip banget sama asli,positive
allah limpah lah sabar kuat selamat saudara saudara ku,positive
gubernur mana tuh allah lindung saudara sana,negative
ada palestina peduli,neutral
kasihan banget bagaimana tidur makan dingin moga bencana segera akhir,negative
tegur mutlak salah manusia sendiri hutan habis gundul bukti nyata banyak pohon tumbang akar jadi bekas tebang di benah mulai sekarang gubernur walikota bupati bahkan masyarakat kalau tiap tahun kayak begini terus,negative
moga segera baik saudara sumatera,positive
astaghfirullah allaziim allah swt sedang murka hamba lupa tobat buat baik,negative
bayang dingin gimanakelaparan takut mereka sana moga kalian lindung allah semua,negative
moga segera pulih,neutral
sumatera moga segera pulih pray for sumatera,neutral
yaolo,negative
benar perintah cepat datang cuma akses jalan semua longsor gaes aku jebak hari baru internet kasih pak polisi sama pemda tni,negative
bobby saja,negative
buka wa banjir buka ig banjir buka tiktok banjir gilir buka dompet kering,neutral
allah lindung dari musibahsemoga kalian semua selamat,positive
wah,neutral
allah moga cepat baik lindung semua,positive
innalillah,positive
alam sedang marah lebih banyak istighfarikhlas mawas dirisemoga sehat warga sibolga doa tidak jadi daerah masing,negative
akibat bijak perintah tempat nih,negative
yaallah,negative
tegur allah khusus kena bencana,neutral
innalilah,negative
doa dari malaysia,neutral
mungkin jadi tebang kayu besar besar,negative
moga kuat sabar semua dampak bencana sana banjir kok kayu glondongan banyak banget,negative
manusia tidak salah jadi korban ulah serakah kuasa,negative
perintah pusat segera bantu,neutral
tuhan lindung semua,negative
tuhan lindungii semua,negative
allah moga segera surut,negative
perintah bantu,neutral
moga air cepat surut hujan henti,neutral
jangan tinggal solat kalau tinggal qada balik semua bakal jenazah tak tahu bila masa akan jemput allah sekurangkurangnya bila tiba waktu pergi ada sedang jaga solatinsyaallah tak sesal,negative
good right,neutral
perintah pusat segera turun evakuasi semua saudara yang kena bencana,neutral
allah semuga sodara selamat,neutral
allah lindung merekasedih banget,positive
pray for sumatera moga cepat baik allah,neutral
mana negara indonesia,neutral
tuhan lindung,negative
stay safe friend,negative
pray for indonesia safe,neutral
moga allah lindung kalian samua,positive
sedih,negative
sabar wahai insan sumatera sana semua tentu allah,positive
allahu akbar,negative
allah ikan kuat sabar moga segera bantu,positive
perintah lihat,neutral
engkaulh segala,negative
allah lindung orang sedang banjir moga air cepat surut amin allah,positive
moga beri kuat tabah hadap musibah moga beri gantiaan jauh lebih baik yang hilangmusnah,positive
allah moga saudara beri kuat tabah,positive
moga lekas baik saudara,positive
innalilahi,negative
allah lindung dari segala bencana marabahaya,negative
allah betapa takut moga allah damai selalu hati kalian,negative
ai,negative
moga bayak korban jiwa kak,neutral
boby nasutionapa kerja,negative
banjir luar nalar kaya tsunami keri orang pernah alami bencana banjir ini pray for sumatera moga kalian baikaja selamat rata,positive
moga beri kuat kesehatansaudara ya allah,positive
tuhan lindung,negative
allah tuhan ku lindung saudara yang di sana henti bencana,negative
komentar ig lebih positif aplikasi,positive
kalau mau donasi,neutral
allah kasihan lihat moga cepat ikan tolong sodaraku,negative
allah lindung ilah sabar dan kuat,positive
akibat ulah manusia gunung pohon tebang,negative
allah lindung lah semua saudara imi,negative
kita saling doa,neutral
moga semua selamat,neutral
innalillahi wa innalillahi rajiun,positive
saat negara sedang alami musibah tv nasional masih bahas berita rating ijazah roy suryo berita masyarakat urgensi berita bencana alam,neutral
moga tambah hadap coba inisehat selalu,positive
allah rob kasihan sekali moga cepat tolong,negative
gub sumut bobby nasution,neutral
hasbunalloh waniqmal wakil,neutral
doa moga saudara yang sana tetap lindung tuhan,positive
bagai kiamat mungkin yang rasa yallah lekas baik alam,negative
allah tuhan ku allah ringan kan beban mereka,negative
allah lindung saudara sana,negative
boby mana,negative
kok jaga alam alam jaga kok hutan mama jaga mama alam rumah kita sama semua spesies alam manusia tetap namun manusia alam manusia mati,negative
jawa katai hama doa moga kena bencana lekas baik,neutral
yaallah yarrab lindung saudara ku semua kena musibah,negative
hutan rusak parah mungkin gubernur tau,negative
alam tak murka kalau manusia mau ajak sahabat alam,positive
sedih sekali lihat musibah iniapakah open donasi buka,negative
turut duka cita atas musibah timpa moga kalian keluarga beri kuat sabar hadap coba selalu untuk kalian siap bantu dukung kalian lewat harihari sulit ingat kalian sendiri semua di samping kalian siap dengar keluh kalian bantu ringan beban kalian moga ada segera baik kalian kembali bangkit mula semangat lebih kuat hati lebih tabah kami percaya kalian lewat semua keluar orang lebih kuat lebih baik,positive
semua salah perintah tpl izin tebang pohon sembarang,negative
innalillahi,positive
nyata benar berita,negative
sama sumatra sedih lihat,negative
moga beri selamat semua,positive
pantesan bapak gencar sekali bikin satgas pkh memang bala liar parah sekali sumatra,negative
praying for youll too get help get some place safe god bless youll amin,negative
tuhan lindung saudarakami semua sana beri sehat kuat selamat amin,positive
moga selalu lindung allah swt,positive
paling kasihan banjir begini lihat anak sama orang sudah manula,negative
ada keliru bijak tata kelola wilayah shg akibat bencana begitu sedih moga segera akhir lalu tuhan selamat jiwa warga daerah dampak banjir sebut,negative
bagaiman ada adek ipar ku keluarga sana yuhan,neutral
kapan pak gibran turun sumut pak bobby ajak ngopi,neutral
allah lindung saudara hamba,negative
puluh tahun hutan tebang,negative
allah moga segara pulih indonesia ku,positive
moga abang arra lihat alih bantu manusia warga dapat bencana,neutral
hutan babat habis kini alam amuk,negative
penting jaga ekosistem alam tetap jaga,positive
alam kata,negative
akibat hutan rusak bukit tambang emas ilegal marak di polou sumatra,neutral
tuhan yesus tolong lindung semua sana,negative
lindung semua allah,negative
alam muak buat manusia selalu rusak,negative
moga seht hamu sudenang amang inang tuhan mangaramoti amin,positive
allah rab,negative
aceh minta bantu jawa indonesia nkri,negative
perintah pikir palestina,negative
kalau tuhan marahsiapa bisa cegah,negative
moga cpat surut,neutral
yaallah lindung lah amin,positive
tanggulang bencana moga cepat beri solusi baik,positive
what was that green thing the door was standing there tahan moved away from the door strange spirit,positive
innalillahi wainnailaihi rojiun turut dukacita allah,positive
perintah sibuk palestina,negative
iya tegur allahingat ingat lah apa mengapa,negative
allah lindung lah saudara semua,negative
jaga selamat buat semua,neutral
buka wa banjir buka ig banjir buka fb banjir buka tiktok banjir buka dompet kering,neutral
gubernur buka suara atas musibah,neutral
berapa ton beras berapa sama duit akan kirim sibolga berapa unit rumah akan bangun perintah eh lupa sibolaga kan bukan palestina,negative
video sumut lewat aku pernah skip harap salah satu video orang aku lihat bapak,neutral
sini harus sadar kalau harta bawa mati amal buat yang jadi bekal akherat,negative
allah kasihan lindung bencana mara bahaya,negative
innalillahi wa inna ilaihi rojiun,positive
flora fauna bagaimana gajah harimau,neutral
dampak kalau tanah jual di tambang,negative
moga musibah cepat lalu allah,negative
moga bencana cepat usai lalu salam sumatera barat moga semua selalu lindung allah swt,neutral
konsekuensi tebang liar bukan laku yang kena semua orang,negative
hewan hewan hut bagaimana,neutral
hancur alam hancur negeri,negative
ingat novel tereliye,neutral
moga warga sumatera utara semua baik amin,positive
mana datang baru besar,negative
lihat turun kayu gelondong jadi jangan pernah salah alam moga semua beri selamat,positive
astagfirullah alam mulai murka,negative
gubernur tanggung jawab penuh tebang hutan besar besar,negative
tidak pokok,negative
innalilahi wa innailaihi rojiun,positive
moga ada korban jiwa,neutral
padang sidempuan,neutral
moga cepat normal ada allah amin,positive
sumbar hujan hari sekarang hujan tiada henti,negative
moga semuaa baik ajaaaaa,positive
kalau perintah punya hati sumbang natal negeri luar batalin mending di kasih daerah sumatra,neutral
astafiraullah,neutral
ai bang,negative
wahai perintah mana bantu,negative
semua tambang emas tambang pohon lahan lahan sawit hujan bisa serap banyak pohon bagai spesies,negative
akhir tahun banyak bencana,neutral
sudah bencana skala nasional moga lekas pulih,neutral
allah lindung saudara semua ada disna moga tiada korban jiwa amin rabbal alamin,positive
bencana nasional nih,negative
merinding aku tau arti yang hilang anak arti cari dulu anak perempuan ku,negative
kota padangsidimpuan bukan kabupaten,neutral
yaallah gusti,negative
biasa kalau bencanatni ikit turun bantuapa ada perintah perintah tempat,neutral
perintah pusat tutup mata gilir bangsa timur tengah sana respon kalah flashhh,negative
kayak begini perintah,negative
moga saudara yang alami bencana sana moga tuhan jaga raka semuaagar tetap selamat tetap aman tetap jaga selalu lindung tuhan selalu ikan sehat amain,positive
gubernur mantu jokowi saja lo,negative
allah ampun dan selamat kan sanak saudara ku sana,negative
moga cepat pulih,neutral
sd sudah ajar kalau gundul hutan sebab banjir tanah longsor,negative
damkar kamu sembunyi,negative
apa bukan bencana nasional,neutral
sri lanka also suffering from the same situation,neutral
perintah lambat tentu darurat nasional hati nurani,negative
moga segera akhir jadi lebih baikserta beri mudah depan,positive
allah lindung saudara moga jauh marabahaya,negative
hulu sudah gundul hutan,negative
rusa alam garau manusia sendiri,negative
banyak sekali gelondong kayu hanyut,negative
gunernure sopo,negative
kemarin usul nanem tanam larang sekarang mana wakil rakyat sekarang warga kena landa banjir nih,negative
hyang widhi wasa engkau sang cipta seluruh alam semesta mohon lindung serta swluaruh alam semesta selalu hindar segala bencana swaha,positive
turut dukacita,neutral
astaghfirullah subhanallah sehat selalu kaliansemoga beri selamat,positive
sedih banget lihat moga selalu lindung allah,negative
allah lindung saudara saudara ku kena musibah amin,negative
surah albaqarah ayat arab latin allaziina izaaa asaabathum musiibatun qooluuu innaa lillaahi wa innaaa ilaihi raajiuun arti orangorang apabila timpa musibah kata inna lillahi wa inna ilaihi rajiun sungguh milik allah kepada kembali,positive
moga beri sabar hadap bencana alam,neutral
allah mohon lindung selamat sodara sana,negative
kok ada kirim basarnas atau tni,neutral
indonesia krisis lindung alam,neutral
astaghfirullah lindung ya allah,negative
wujud marah tuhan kuasa,negative
allah sehat buat warga sana,positive
allahsmga cepat brllu bdai uji,negative
allah lindung hamba di uji musibah,negative
selamat saudara ya allah,neutral
inna lillahi wa inna ilaihi rajiunsmga beri sabar mereka kena musibah,positive
lihat perintah allah kasihan ya tak usah teriak teriak banyak doa zikir,negative
tuhan moga semua yang kena banjir selamat allah kira perintah daerah tempat tanggap darurat,neutral
moga cepat surut banjir bandang moga perintah cepat antisipasi bantu evakuasi,neutral
sangat prihatin bencana banjir timpa saudarasaudara moga beri kuat selamat tabah hadap uji ya allah turun tolong mudah segala urus amin,positive
banjir banyak sekali bawa kayu kayu glundungan allah moga cepat bantu banjir reda amin,positive
moga semua dampak banjirdiberi kuat sabar luas samudra,positive
allah banjir hujan longsor beliung astagfirullohalazim,negative
dulu pas tsunami aceh sekarang banjir sumatra luas banyak kabupaten,neutral
sama sama manusia saling doa allah adtagpirlloh al adim moga selamat allah kalau belum alami banjir diam diam,positive
parah banjir nya,negative
aceh hmm,negative
gubernur tampak turunin bantu,neutral
tuhanlindungilah saudara yang kena bencana,negative
subhanallah moga bencana akhir selamat semua,positive
alllah tolong,negative
apa buat,neutral
banyak tambang ilegal kebon wasit penebnagan hutan lihat konsekuensi akan jadi depan inti pelihara alam alam akan pelihara anda,negative
moga semua selamat,neutral
moga semua selalu lindung tuhan,positive
allah lindung segera reda bencana lekas pulih seperti sedia kala,positive
innalillahii,positive
innalillahi kabupaten dampak sekali kabupaten allah turut duka cita,neutral
mudah mudah sehat rejekinya cepat ganti,positive
tuhan yesus lindung selamat kan lah sodara,neutral
allah lindung saodara,neutral
turut prihatin musibah sebut tuhan tolong sdr di sibolga medan,neutral
banyak lah besi hanyut,negative
astagarrr betul parah sih kali doa ku buat kalian malaysia,negative
duh allah lindung saudara di sumatera amin,negative
yallah bagaimana ayah di mandailing natal,neutral
pantas ws mulu gue,negative
allah lindung hamba,negative
moga selalu beri sehat selamat,positive
tuhan sehat sell buat kalian semua sana selalu lindung tuhan amin,positive
astaghfirullah halazimsemg semua lindgn allah swt amin allah robbal alamin,positive
moga semua selalu lindung maha kuasa,positive
sedih allah lihat,negative
allah mudah han selamet amin,positive
allah gusti,negative
ku ikhlas kdm dedi mulyadi jadi presiden,positive
surah asysyura ayat nyata apa musibah timpa kamu sebab buat tangan sendiri allah maaf bagi besar salah ayat adalah surah arrum ayat sebut tampak rusa darat di laut sebab buat tangan manusia allah rasa sebahagian akibat buat agar mereka kembali jalan benar,negative
bangga jadi bagi orang sumatera pulau sumatra topang minyak kelapa sawit no dunia kata yang duduk jakarta,positive
mantap tri hutan sukses,positive
moga masyarakat sana lindung tuhan esa bisa lewat badai amin,positive
tuhan lindung mu,negative
kasihan sekalisemoga badai cepat berlalun turut duka,neutral
mana,negative
moga semua selamat cepat surut,neutral
ngebayangin di rumah ada orang sakit tidak jalan kpikiran sama hewan yang sana,negative
kmpung hutanabolon tap teng,neutral
allah kasihan,negative
mana perintah,negative
allah moga lekas baik padang,positive
pray for sumatra,neutral
allaah,negative
allah selamat,neutral
allah robby astaghfirullah allah,negative
turut duka moga musibah tak ulang dan beri tabah semua,positive
allah zampuni,negative
moga saudara selalu tabah hadap dari bandung ikut turut prihatin atas musibah,positive
aku sedih lihat moga baik baik dan moga bantu manusia segera sigap,positive
jabat negara mana kau semua sumatera siaga darurat,neutral
ingat pepatah lamalebih baik cegah obat,positive
allah huakbar,negative
innalilahi wainnailaihi rojiun,positive
semugaselamatan barataanallah huakbaramiin,positive
kok wowo sama gibran ada respon,negative
moga allah selalu lindung mu amin,positive
innalillahi wainnailaihi rojiun selamat kan ya allah,positive
allahuakbar moga musibah cepat lalu,negative
my heart goes out all affected very sad,negative
moga lindung allah swt amin,positive
buah ingat sang kuasa kita baik sama,positive
innalillahi wainnailaihi rojiun semiga air cepat surut semiga saudara du dna selalu lindung mu allah,positive
puh kabupaten lumayan besar,neutral
merciful god please hear our prayers,neutral
bantu fllow me,negative
innalilahi wainna ilaihi rajiun,positive
ini dampak tambang sudah keruk perintah rakyat tanggung duit kurup,negative
orang lihat video orang kena musibah susah lalu mikir semua karena insiden tidak relasi sama sekali,negative
prayers,negative
indonecia cambio climtico pueblo despertar,neutral
astagfirallah allah robb,positive
bobby,negative
allah ikan lah selamat sodara yang sana,positive
manusia salah yang kuasa ada marah saja sih,negative
anak jangan tinggal bu gendong erat,negative
turut duka cita,neutral
allh,negative
allah lindung,negative
tuhan yesus jalan benar,negative
moga lks baik,positive
allah mudahn dberi kmudahan,positive
moga allah selalu lindung,positive
allloh tau,negative
lebih baik bantu urus selamat palestina dulu dong,negative
lama banget perintah lebih cepat masyarakat beri bantu,negative
moga kalian ikan kuat iman,positive
jabat bikin ulah rakyat jelata nanggung derita dimanakh nurani mu wahai jabat,negative
prayers the indonesian people they are going through sok much,negative
kayu gelondong besar ikut bawa arus apa hutan habis babat,negative
allah lindung saudara semua ada sana,negative
moga cepat lalu musibah,neutral
up,neutral
selamat kan nyawa dulu cari tempat aman aku bandung kirim doa allah saudara saudara moga selamat allah,neutral
baik komennya jangan tambah masalah ini baru jadi mana mungkin bantu langsung datang besok pagi datang bantuanpresidan kirim bantu sumatra peasawat biar cepat sampaisabar banyak doa biar datang bencana,negative
pray for indonesia people,negative
akibat lahan hutan alih pungsi moga ada korban jiwa,neutral
allah ngeri,negative
baik selalu boskuu,positive
moga cepat atas surut daerah sekitar kena banjirr,neutral
allah moga semua beri selamat,positive
hutan gundul,negative
innalillahi wainna ilaihi rojiun moga kondisi segera baik korban dampak selamat lindung layak rahayu,positive
moga cepat surut banjir,neutral
ada gali dahsyat tengah hutan gunung,negative
yakin hanya bencana alam,negative
gubernur sumut mana,neutral
gubernur mana,neutral
proyek gubernur,neutral
alam mulai tunjuk kemarahanny,negative
buat sumatra hancur jaman jokowi semua hutan lindung babat habis pt sawit tambang elegal semua biar,negative
stop tebang pohon bukit bukit,negative
astaghfirullah moga cepat surut banjir tidak banyak korban jiwa,positive
hutan habisin buat tambang emas ilegal,negative
rusak alam rugi masyarakat tempat senang perintah pusat negararusak,negative
saat perintah bansos ribu kota sedang bencana,neutral
jakarta susul,negative
banjir tetap pakai tas dior,negative
bayak artis bayak jabat opung opung lihat dulu sebolga,neutral
rusak alam jabat tanggung jawab,negative
tegur roh kudus,neutral
punya bayi sama ibu hamil bagaimana,negative
sabar kawan uji,neutral
tebang pohon hutan banyak mungkin,negative
alhamdulilah,positive
air sama tanah jalan geser jauh,negative
terus rusak hutan hulu biar tambah seru bencana,negative
suruh rusak hutan siapa harus tanggung jawab keman uang jual kayu,negative
ada bisa larang kalau sekendak allah buat lah baik bencana datang belum pernah jadi datang paling paling dasyhat luar biasa kelak datang alami,positive
semua bencana ingat apa kita buat dunia,negative
bobiopung lihat rakyat sumatra utara,neutral
gubernur bagaimana boby nasution,neutral
gubernur sumatera utara tanggungjawab nih kasih izin habisin hutan,neutral
dzolim papada manusadzolim leweungdzolim kak sato astaghfirullah allah innalilahi eta maha tanggung jawab nya,negative
astaghfirullah innalillahi,negative
lni mungkin akibat tebang hutan jadi rakyat jadi korban,neutral
kutuk banget gundulin hutan,negative
lbp tempat kau lahir,neutral
allah marah,negative
subhanannal allah,negative
pulau sumatera tenggelam,neutral
kirim semangat dukung indonesia thailand meski negara juga ada situasi sulit akibat banjir telah tel banyak korban jiwa,positive
inalillahi moga trtimpa bencana kasih tabah di selamat jiwa,positive
serius tanya jabat jadi korban,negative
dari status teman instagram,neutral
azabbb,negative
innalillahi wa inna ilaihi rojiunsemoga allah beri selamat mudah,positive
hendak allah terima lah,negative
kena azab,negative
main rajadepo pasti cuan,positive
inalillahi allohumma jukni fii musiibati khhoirun miinkha,negative
salah perintah dong bawa suku jawa aneh palah adu domba jelas,negative
marwa sirait palestina mana,negative
lekas baik sumatra salam jawa lindung lah umat muslim hewan hewan allah,neutral
kasihan betul,negative
allah bagaimana allaaaahhhh,negative
mungkin pikir perintah ai edit bukan nyata,negative
pray for sumatra indonesia,neutral
the world is going crazy whats happening,negative
moga semua baik,positive
sabar mudhan di selamat,neutral
allahuakbar,negative
inna lillahi wa ina ilaihi roojiun,positive
yaallahhhhhhh,negative
allah maha tau mana harus kasih coba hukum peringatanmusibah jangan suka salah orang intropeksi diribersabarlah saudara,negative
moga hujan badai sgra berhentibanjir cpat surutdan sadra kena musibah semua ikan kesehatankeslamatan kuat,positive
mamadewi dok iki,neutral
sangat diaayangkan pribumi orang kecil tak pandang atas nama bencana alam alam murka kuasa serakah bilang teliti bencana bukan bencana alam ini bencana rencana ulah laku serakah hanya dahulu penting pribadi pikir sengsara masyarakat kecil lahan lindung jadi rumah kebun atas tanah legal paksa moga kita semua lindung allah beri tabah keluarga yang tinggal orang sayang sumatera duka,negative
tuhan selamat,neutral
banyak besi,positive
banyak debat dulu repost sebar prayforsumatra,neutral
allah selamat kan lah saudara saudara semua perintah cepat bantu saudara di sana sakit banget lihat ya allah,negative
paktor alam,neutral
tetap jadi bencana nasional bukan jawa,negative
hutan habis tanam sawit mungkin kalimantan susul alam murka ulah manusia,negative
nyala pemerintahkuu,negative
yaallah rabb ikan kuat kbaikan mereka,negative
ironis orang tidak kena dampak malah paling sibuk salah,negative
kabupaten sih janggal,negative
tau di sumatera bareng haram jual terang terang bahkan makenya tanpa sembunyi sembunyi kea minum es biasa banyak banget bandar sabunya,negative
astagfirullah kuat saudarasaudara di sumatera sana allah,negative
dosa aapa saudara kalian buat,negative
pray for sumut,negative
moga sehat selalu,positive
ini masuk gara banyak alih lahan fungsi tidak mesti tambang elegal contoh alam rusak akibat bencana sebut,negative
tni au tni polisi pernah lihat,neutral
wahai jabat daerah lihat lah warga,neutral
semua akibat tri main domino kalah jadi hutan babat habis,negative
aduh tuhan sedih hati hamba saksi susah derita sodara sodara dampak bencana,negative
jabat kok anteng tidak suara,negative
nyata benar air tanah hari minta ijin allah lenyap kan manusia kali allah bilang tunggu mana tau hamba ingin taubat akhir nya allah bilang gerak,negative
prayers all affected by this,negative
prayforsumatra,neutral
sabar sodaraku,negative
moga segera membaikk,positive
sumatra merdeka,neutral
wahai manusia ragu engkau ingat tuhanmuwahai manusia bertawakalah engkau tuhanmubukankah ayat al quran nyata bukti ingat tuhan tidak engkau lihat ayat terus kerja bumi ketika turun allah subhanahu wa taala firman sungguh turun kepada buah kitab alquran di dalam dapat ingat bagi apakah kamu erti qs alanbiya ayat allah subhanahu wa taala firman berapa banyak duduk negeri zalim telah binasa jadi generasi lain bagai ganti qs alanbiya ayat allah subhanahu wa taala firman ketika rasa azab tibatiba lari diri negeri qs alanbiya ayat allah subhanahu wa taala firman jangan kamu lari tergesagesa kembali kamu senang hidup tempattempat diam baik kamu tanya qs alanbiya ayat allah subhanahu wa taala firman mereka kata betapa celaka kami sungguh kami orangorang zalim ketika mulai rasa takut mati qs alanbiya ayat,negative
alquran jelas bencana bagi tetap allah takdir rupa akibat buat manusia uji ingat sebut surah alhadiid ayat surah asysyura ayat jelas perspektif alquran bagi takdir alquran nyata segala jadi bumi masuk bencana tulis kitab lauh mahfuz allah cipta surah alhadiid ayat akibat buat manusia bagi bencana jadi buat manusia sendiri rusa lingkung surah asysyura ayat jelas apa musibah timpa kamu sebab buat tangan sendiri uji ingat bencana jadi uji allah uji iman manusia ingat kembali jalan benar hapus dosa bagaimana jelas albaqarah ayat beberapa hadist izin allah ada musibah yang timpa orang dengan izin allah yang tulis dalam surah attaghabun ayat inti alquran tolak ada bencana beri pandang bencana bagi tetap ilahi yang dapat sebab buat manusia sekaligus fungsi bagai uji ingat introspeksi kembali allah,negative
allah lindung saudara hamba andai saudara ku banyak buat salah dosa ampun limpah taufiq hidayah mu para mang penting negeri agar jadi jabat amanah amin,positive
inalilahi wainalilahi rojiun astofirulohaladzim moga segera ikan bantu mudah amin allah,positive
kasihan sekali,negative
kabbanyak allahapakah selamat semua,positive
sami,negative
allah lindung di sana moga tabah uji nih moga banjir cepat baik,positive
kalau adapt peyebabbanjir pttangug jawab,neutral
moga cepat baik kasihan sodara di sana allah,positive
lindung ya allah,negative
baca baca baca apa baca,negative
apa korban jiwa,negative
moga cepat baik,positive
allah semogaaa kalian baik ya,positive
turut prihatin duka moga segera lalu musibah,neutral
kota medan tepat klambir v tidsk bantu tim sar sama sekali,neutral
lindung ya allah,negative
gambar jawabarat kalau gubernur bukan kdm,negative
sekarang bagaimana apa baik,negative
pakai prabowo cepat lah bantu rakyat mu,positive
akibat hutan babat,negative
kasihan pak prabowo,negative
kapan di mana,negative
allah kasihan saudara saudara lindung lah saudara beri sabar ikhlas luas allah hati rasa betapa sulit ada saudara kamiganti harta yang hilang allah saudara saudara di dunia padang mahsyar salam hangat dari jambi saudara cinta,positive
riska ikayaallah selamat lindung lah saudara saudari semua beri tabah sabar keihklasan atas musibah telah timpa amin,positive
allah moga selamet,negative
kak izin jawab ada saudara ada kabar daerah pekanbaru tarutung kena musibah apa soal susah hubung,neutral
mana perintah pusat mana tri hutan,neutral
praying praying praying for them,negative
sumut t lahir opung luhut,neutral
ramal hard gumay,negative
di jelas alquran musibah datang manusia,negative
its like nature saying not live this area hopefully they can recover looks sok bad,negative
urus pulau jawaga usah urus sumatrakrna bukan bagi indonesia,negative
ingat kita yaallah,negative
karena sering babat hutanjadi bencana,negative
kualat akibat kedzoliman anak yatim musafir tempat suci masjid allah,negative
bukan tebang pohon mas air mata arjuna hujan banjir semua,negative
innalillahi kabupaten,negative
tebng terus hutan rusak terus tanah,negative
allah subhanahu wa taala firman zhoharolfasaadu filbarri walbahri bimaa kasabat aidinnaasi liyuziiqohum badhollazii amiluu laallahum yarjiuun tampak rusa darat di laut sebab buat tangan tanda tangan bijak manusia allah hendak rasa bagi akibat buat agar mereka kembali jalan benar qs arrum ayat,negative
allah reda hujan henti banjir tiap hari nangisin vt orang tiktok ampun ya allah kami banyak laku salah,negative
habis,negative
husein mana husein,negative
medan sekitar kota orang iman jujurhmmmm,negative
innalillahi wainnailayhi rojiun moga ikan sabar atas musibah jadi saudara di sumatera utara aceh sekitar,positive
wkwk,negative
semangat kalian tuhan serta kalian badai pasti lalu ulang kuat teguh hati jangan takut jangan gemetar mereka tuhan allah dia jalan serta engkau tidak biar engkau tidak tinggal engkau,positive
donutuwu,neutral
ada tanggung jawab rusa hutan,negative
innalilahi wainnailaihi rojiun allah,positive
zombi,negative
semua gara gara boby,negative
kabupaten yaallah lindung,negative
allah aku bayanginyg punya bayi balita tidak lari allah sesak banget,negative
banjir selut,negative
tv telat ngeliput karena kondisi akses susah buat kesana kita netizen nyebarin info kalah sama masalah tumbler tuku,negative
kemarin pusat sudah ngirimin bantu kan moga cepat lalu tragedi,neutral
hata tahtanywa umur milik gusti awloh kembli lah gusti awloh,neutral
gubernur malah ngemil,neutral
perintah lsm manusia mana para muka agama selalu ajar manusia tidur kausaodara butuh bantuanjgn tumbeler terus di urus,negative
saya heran tanah longsor cuma pohon tumbang,negative
allah lindung saudara sana,negative
lindung ya rabb,negative
bnjir kaya tsunami,negative
ayo keruk terus emas,negative
moga musih cepat lalu sodaraku moga kalian semua selamat ada korban jiwa amin amin amin,neutral
mangkanya jangan nebangi hutan jangan asal buka lahan rumah,negative
allah moga korban jiwa,negative
lekas baik semua stay safe,positive
buat gelintir orang akhir susah orang banyak mana kira kira lebih untung paling rugi jabat beri izin ilegal loging bisa jawab iya aparataparat dapat bagi ditanyak apakah suka senang bahagia atas derita orang banyak babat terus hutan selagi masih bisa jadi cuan oohhh indah sistem dinegariku,negative
ingat para ahli lingkung dampak ubah hutan ekosistem ancam manusia kenapa tetap di laku hanya demi uang,negative
lindung srmua sana allah,negative
jawa pray for sumatra,neutral
akibat hutan tebang liar lihat lah kalau tak sayang alam alam akan maraah sama manusia,negative
innalilahi wainnailaihi rojiun moga korban beri tabah kuat amin rabbal alamin,positive
bobby wajib tanggung jawab atas tebang pohon,neutral
willi brooks,neutral
irvi harmaini,neutral
laylalilik,negative
hutan lebih jaga,negative
stay safe everyone,negative
hutan babat jabat mingkem buta,negative
yallah,neutral
akibat menang pohon sesuai butuh rakus,negative
allah moga semua selamat allahaku bisa doa,positive
allah hu akhbar,negative
berita bencana sumatra tenggelam gara tumbler inara gys tlong lebih utamkn up kasus harus up,neutral
moga air cepat surut amin,positive
moga korban beri kesehatankekuatan tabah amin,positive
allah selamat kan sodara sodara,neutral
moga cepat pulih otw ksumut,neutral
lihat goggle eart memang hutan hutan sumatra banyak tebangin bilang benyana cuaca di tanya soal kayu hanyut mereka kayak pura pura dengar,negative
allah huakbarsmoga ada korban jiwa,neutral
moga lindung allah swt,positive
astagfirulloh,negative
bonus hutan mereka tebang semua pohon,negative
moga beri tabah sabar sehat selalu,positive
allah lindung ya allah,negative
allahu akbar allah ikan kuat,negative
innalillahi allah,positive
moga semua sehat allah,positive
assui lorraines,negative
info open donasi dong percaya,neutral
perintah tempat di pecat semuaa,negative
air mana apakah gunung bendung bagaimana,negative
yang peran lebih cepat sigap tni operasi perang undang sayang entah kok lambat,negative
mau bagaimana punya bukit hutan pohon tebang ke akar ini hasil ke serakah manusia alam benar murka doa moga sodara sana kasih lindung,negative
allah banyak banget,positive
tuhan lindung saudara saudara alami musibah,neutral
tuhan tlong lah,negative
harus paling tanggung jawabpengurus partay geng,negative
innalillahi wa inna ilaihi rajiun turut duka moga ada korban jiwa,neutral
moga selalu di lindung,positive
gubernur suruh nongol,neutral
alam mulai murka,negative
lahaulawalakuwatailabillah,negative
tuhan yesus selamat,neutral
sehat sehat saudara ku sana amin,positive
alam habis pohon tebangin efek serap air,neutral
gerindra paaakkk,negative
boby boby,negative
biar pupus,negative
prabowo diam,neutral
yaallah batu batu besar moga warga selamat,positive
masa alah mungkin dunia tua sodara kuh,negative
rill ingat langsung tuhan,neutral
pray for sumatra aceh,neutral
musibah ahir tahun,neutral
allah maha besar semua jadi atas hendak moga yang kena bencana beri kuat tabah ingat alam murka ulah rakus manusiaallah swt tak pernah rusak ciptaanya,positive
allah lindung saudarakami kena musibah moga bencana segera henti sehatselalu semua moga selalu lindung,positive
moga semua selamat sehat allah bayang bagaimana hilang segala sudah cari keringat perjuanganya allah sehat sodara sedng dampak bencana amin,positive
allah kuat,positive
bobby nasution mana,negative
allahhh kepada tempat minta tolong,negative
mungkin akibat ulah manusia sendiri telah rusak alam,negative
baik atau buruk telah buat semua kembali kitahanya doa bisa aku panjat saudara ranah mang selalu lindung allah swt amin,positive
caeeeerrrrr rayap besi hadir main,negative
alhamdulillah kabupaten karo aman,positive
masa kayak begini bencana nasional,negative
tanya rumput goyang,negative
innalilahi wainna ilaihi rajiun moga segera surut air,positive
allah saudara medan aceh padang sibolga daerah yang lain sudah bencana ya allah,negative
allah moga semua sana selamat semua amin,positive
ikut main sepakbola,neutral
usah takut deforestasi kelapa sawit pohon daun kan ucap orang jenderal,negative
inalilahiwainailihirojiunmudah mudah beri selamat,positive
allohberilah tolong mu,negative
tegas allah segala rusa jadi darat di laut akibat ulah buat manusia read qs arrum ayat,negative
gerindra,neutral
asean,negative
ira bukan indonrsia,neutral
aduh tuhan ewwhati hati sauadara,negative
moga tuhan lindung lek tetap sabar kau lek,positive
rankorang jangan tinggal solat kalau tinggal qada balik semua bakal jenazah tak tahu bila masa akan jemput allah sekurangkurangnya bila tiba waktu pergi ada sedang jaga solatinsyaallah tak sesal,negative
dari jawahama moga saudara aceh bagi sumatra beri selamat lindung allah swt di tabah hati amin,positive
alla,neutral
allah selamat saudara sedang musibah moga beri kuat tabah,positive
allah batu gede banget,negative
innalillah moga semua selamat,positive
allahhuakbar,negative
moga mudah selamat semua,positive
allah moga segera baik pray for sumatera,positive
cnnindonesia cuma sumut ya sumatra barat di anggap,neutral
batu besar banget tidak bayang kalau korban kena batu,negative
mafia pdip nebang hutan bikin rakyat tindas pdip dulu jaman pak soekarno memang sengsara rakyat,negative
karena hujan apa longsor kak,negative
gundul hutan itu usaha apa,negative
pak gibranrakabuming,negative
batang kayu sudah cukup jadi bukti,positive
ayo tetap bencana nasional,negative
moga selamat saudaradi sanad bencana cept reda amin mereka allah,neutral
allah kasihan kali allah,negative
iya jawaa salaah terlalu lambat tangan bencanaa sanaa pray from sumatraa kami suku jawa hamaa,negative
pak jokowi kami bapak baik,positive
abuso sa kalikasan karma tayo,neutral
allah tega lihat,negative
moga semua warga situ lindung allah maaf cuma bantu doa,neutral
lekas baik indonesia moga semua lindung tuhan saling dukung saling doa jangan salah siapa ini musibah ada tau kapan musibah datang ikhlas sabar moga negeri ini depan segala lebih baik perintah maupun sdmnya amin,positive
batu gede bawa air,neutral
allah moga semua baik sehat allah lindung semua,positive
moga allah lindung semua,positive
tuhan yesus saudara saudara di sumut,neutral
saudara tetap ada siaga waspada,neutral
allah dzolim bikin proyek ngerugiin warga,negative
moga semua selamat perintah cepat turun lokasiprabowo subianto purbaya yudhi sadewa gibran rakabuming gerindra,neutral
bencana banjir tanah longsor sadar tidak ulah tangan tangan serakah eksploitasi alam perhati efek amdal lingkung praktek praktek tambang bangun tidak perhati dampak lingkung nikmat hasil rakyat yang tanggung derita jaga lestari alam sekitar,negative
alam bohong jilat alam sedang sampai benar jadi hut,negative
kalang kayak mana bang mohon info,negative
tebang hutan meniknatinya usaha timpa bencana derita rakyat tidak tahu apa,negative
innalillahiwainnailaihirojiun moga cepat baik allah ampun yang mampu buat apaapa lindung merekahasbunallah wanimal wakil nimal maula wanimannassir allahumma sholli ala sayyidina muhammad wa ala ali sayyidina muhammad,positive
tetap kuat saudarasaudara di sumatera moga segera kabar baik,positive
turut duka atas bencana sumatera moga semua korban dapat tolong cepat,neutral
sejak kapan cuaca ekstrim tebang pohon jadi kayu gelondong,negative
dewabalistopdriversdewabalistopdriversprayforsumatera prayforsumbar prayforsumut prayforaceh,neutral
turut duka cita doa sama selamat bangsa negara moga saudara keluarga allah beri sabar tabah,neutral
nam sama i t i bi cu cu nn qun tahu sama b tt,negative
siapa bisa cegah bencana alam benar murka ulah manusia sendiri rakus mana jabat mana sih luhut sibahlil sih bobi,negative
moga bencana bisa cepat lalu,neutral
dulu presiden jokowi kalau bencana langsung turun bantu ecek kondisi masyarakat kini presiden probowo cuma lihat turun langsung lihat masyarakat yang kena bencana malah duduk manis istana,negative
o allah protect all flood victims with your mercygrant them safety strength and patience send them the right people sincere capable and trustworthy help ease their burden o allah replace their losses with something better and fill their days with peace and resilience amin aisarpernahbantumangsabanjir staystrong doauntukmangsabanjir,positive
sabar buat teman sana perintah mungkin kok angkat tangan kirim logistik koordinasi bencana mudah,neutral
allah ikan pertolongamu solo hadir,positive
rakyat jadi korban atas serakah babat hutan,negative
gubernur memang siapaserius tanya,neutral
astagfirulloh halazim,negative
allah lindung lah saudara di sumatra,negative
bukan cepat pergi sibukvidio,negative
asa kabupaten nias misah pulau,neutral
bantu hari pertama dikirimmbg sudah dialihin buat korban bencana masii banyak bilang perintah kemanayatuhannn,negative
allah kasihan,negative
bilek kalian mau aku kannih aku datang sekali tanah air moga jadi ingat keras kita semua penting jaga alam pray for sumatra,positive
kalau yang punya pinjam bank kondisi bencana ini kemudian bisa angsur di blacklist bi chackingnya,negative
luas juta hektar tanah luas provinsi jawatimur gabung jawatengah jadi luas hutan juta hektar hutan rata tanah kurun waktu tahun seperti akibat banyak tambang izin pejabatjadinya efek imbang hidup terganggutimbul bencana alam seperti jabat menteri hutan cocok buat kang dedi mulyadi pakai kdm peduli gunung sungai air alir pak prabowo orang dekat pakai prabowo baca komen mungkin seperti menteri kehutananmenhut raja juli anthony harus di resuffel di ganti pak dedi mulyadi mungkin alih fungsi bantu mbak korban bencana alam,negative
nama rejeki air yang limpah,positive
keri sekali,negative
moga selamat,neutral
panjang minggu lalu live air sungai kotor keruh serta kayu aku cuman komen alir air sangat deras n hujan tqk kunjung berhentimending hati kalau jembatan n tanah di pijak buat live gerus n longsor,negative
savesumatranelephants saveindonesianwildlife saveindonesianforests saveplgsebanga savetessonilo saveplgseblat saveorangutanindonesiagerindra gibran rakabuming,neutral
maaf asal air lumpur gunung bagaimana kok luas banget banjir,negative
innalilahi moga ada korban jiwa,negative
fray for sumatra,neutral
sudahii allah musibahh kasihannn,negative
tebangin abang jadi sawit,negative
innalillahi wainna illaihirrojiun,positive
raja firaun tepukktepukk sajaaa mantu hasil bikinn bencanaa,negative
tanah lihat,neutral
bobo mereka bobi,negative
bencana sumatera ingat ingat keras buat semua kalau masih serakah takut tuhan tenggelam negara iniini guna kaya sda indonesia baik munkin sejahtera sama,positive
tampak rusa darat di laut sebab buat tangan manusia allah hendak rasa bagai akibat buat agar mereka kembali jalan benar qs arrum ayat,negative
sehat saudara save pray for,neutral
cepat pulih hutan hutan ku tidak gundul,negative
allah moga semua selamat amin,positive
ini viral di doa sama saudara sad tubbler botol viral sampai jilid bukti konoha suka banget yang penting,positive
marah alam di rusak sangat keri,negative
allahhuakhbar,negative
akibat sering bilang jawa hama mungkin tegur allah biar sadar hidup saling hormat satu sama,positive
info atas nama lamria aritonang mak berto suami marga sitompul,neutral
helikopter mana helikopter,negative
masya allah,neutral
tuhan lindung semua astungkara swahaaa,positive
jangan komntar sembarang bro bencana inj rata seluruh negara bahkan seluruh negarasebaiknya saling mnjaga kkmen doa diri doa dampak bncana,positive
stay safe semua saudara di sana,negative
hanya doa moga semua bncana cepat berakhirkasianya allah lindung selmtkn,positive
alam murka lihat tingkah manusia ludah alquran,negative
allah bu pak,negative
mak berto songon kabarmuna anggi,neutral
sok sad,negative
masjid agung sibolga,neutral
alhamdzulillah gusti isik eling kowe kabeh hhh,negative
anjir kabupaten kira hutan dibadat berapa ratus hektar,neutral
allahsemoga semua saudara sana selalu lindung allah,positive
guyssss aku orang sumatera utara tepat medan banjir genteng rumah kanalkanal sungai jeboldoain terus guys tempat ungsi ada bantu makan datang anakanak ibu hamil tahan lapar akses jalan putus sulit jangkau,positive
akibat serakah jabat,negative
sumuttt nih lekkk berani klean sama sumut,negative
mungkin gunung sumatera utara banyak tenangin banjir luas ada yang redam air kalau hutan rimba air langsung lari sungai,negative
baik stop tebang hutan tambang liar,negative
innalilahi wa innailaihi rojiun moga selamat,positive
semenjak suami tinggal tahun aku hidup status janda urus anak masalah jodoh biar allah swt atur sabar tunggu,negative
ku ingat mahasiswa aniyaya di mesjid agung sibolga,neutral
coba sih buat atur departemen kehutananjangan tebang pohon terusbiar penghijauanjadi lari bawah air,negative
akibat gelintir orang sahabat alam akibat bnya alam ngamuk orang tidak tau apa ikut jadi korban unk sodaraku kena bencana sabar doa baik kalian,negative
kenapa jadi manusia jangan rakus,negative
raya rata salah perintah memang tidak beres,negative
menantu mulono,neutral
moga akhir bencana amin rabbal alamin,positive
sibuk urus saudara di palestina,negative
no sea amin,neutral
i dont want complain god pleasedear lord jesus protect them and help them come yougod can only protect you and save you thishes trying call people come him and cry him,negative
lama uu ampas aset koruptor aktif arti koruptor aktif bencana alam kuntit,neutral
chronicles if their people humble themselves and pray and seek my face and turn from their wicked ways then i will hear from heaven and forgive their sin and will heal their land,positive
moga badai segera lalu,negative
akibat indonesia kutuk israel jalan satu satu sadar tobat,negative
sunguh meyayat hatiallah tunjuk kuasa,negative
sejak hutan mulai dibabatini hasil,negative
coba tanya sama mas anis soal kan pegang sumatra pegang kunci sorga imam majdi,neutral
pinjem gubernur kdm buat tapanuli,neutral
allah lindung hamba allah moga cepat surut tidak banyak korban jiwa allah,positive
allah moga yang kena musibahdi beri kesehtn kuat,positive
bobby nasution mana tuh tambang ada peran,neutral
bayak ikan mancing mantap,positive
turut dukacita musibah sedang alami moga beri lapang hati moga bantu sedang tuju lokasi beri lancar keluarga pisah lekas temu amin,positive
jadi ajar kalau pilih jangan goda citra,negative
moga cepat lalu,negative
god bless everyone amin,positive
moga perintah tempat cepat tanggapmemberi bantu,positive
tampak rusa darat di laut sebab buat tangan manusia allah hendak rasa bagi akibat buat agar mereka kembali jalan benar qs arrum ayat tangan pegang bijak beri tanda tangan tuju gundul hutan,negative
sehat selamat saudara sana,neutral
apa gara kutuk israel,negative
rana rakus manusia tamak,negative
jangan bilang azab allah coba pikir pohon besar tahan air hutan jadi bangun hingga tempat hewan gajah harimau tidaka ada lagi bangun peduli renase jalan air,negative
moga cepat baik ada kalian segera baik,positive
astaghfirullah moga jadi bencana susul dan dampak beri sabar,negative
tuhan mereka,negative
prayers for indonesia,neutral
moga selalu lindung selamat semua,positive
moga segera baik indonesia ku,positive
yaampunnn,negative
allah moga bencana cepat akhir amin,negative
babat hutan warlok salah tetap jawa,negative
guys ajar jadi sekarang plis mulai sekarang harus benar lingkung iya musibah tau kita harus selalu salah perintah,negative
lekaspulihsumatradansekitarnya prayforsumatra prayforaceh prayforsumut prayforsumbar,neutral
lapor damkar jangan lapor tuh bisaya cuma catat,neutral
sumatra cuma anak tiri,negative
serakah gelintir manusia buat alam luka hutan tebang tanah longsor akibat banjir cukup besar masyarakat tidak pernah ikut rusak justru tanggung dampak sekarang perintah baru mau peduli belum kemanaa hutan babat habis,negative
prayforaceh prayfortapanuli prayforpadang prayforsibolga,neutral
sabar wahai saudara bantu datang ingat badai lalu,neutral
omg really looks like ai,positive
pray for indonesia,neutral
my lord help them,negative
allah lindung semuaamiiiiin,positive
gad blessings,negative
allah akan turun buah musibah daerah sebut semua orang iman tiap wilayahdaerah kenpa banyak bencana bilang lebih banyak orang maksiat tebang pohon ilegal banding orang ibadah diturunkanya tegur musibah nauzubillah moga lalau istikamah jalan allah amin salam kalimantan selatan turut dukacita,negative
gara tambang emas gunung tuh,negative
moga cepat baik negeri ku,positive
teeebaaaamg teeeerooooos,positive
pemda perlu sidang,neutral
moga lekas baik amin amin amin yra,positive
bagai jawahama turut dukacita atas musibah tanah sumatera moga cepat baik,positive
bantu pusat keluar kan tenda sama makan,neutral
allah hu akbar sodara ku,negative
yaalahbantulahsaudarakamiyaallah,positive
moga bisa sama sama fokus buat selamat sodara sana,positive
kata hari pertama bantu datang kaya tenda prahur karet makan pakai moga ada bantu susul ya buat masih sekarang kena,positive
pusat sudah kirim bantu kayak tenda makan segala macam kan,neutral
padahal tugas ngejaga alam kekayaanya bukan perintah tapi warga tempat cuma begitu selalu salah perintah,negative
pray for vietnam pray for thailand pray for philippines pray for malaysia pray for indonesia pray for gaza pray for hong kong pray for taiwan iam from thailand pray mau god protect us from this disaster amin,neutral
belum bantu lihat kondisi geografis sulit buat evakuasi sih moga segera datang yhh bantu,neutral
sabar buat teman di sana perintah mulai gerak kok aku di sekolah sumbang buat teman teman kena bencana,negative
menang banget tau baik baik keluarga sana,positive
kalau malaysia pernah laku begini sebab tebang hutan system air hutan rusak,negative
akibat sering bahas agama suku saling hujat bukan gara anak yatim,negative
sidikalang bagaimana guys,negative
move,negative
bukan bencana alam serakah manusia rambah hutan,negative
kembali fungsi hutantangkap semua menebangjangan gara gara rakyat jadi korban,negative
turut prihatin moga beri selamat,neutral
pray for sumatra ku mana ada selalu hati prihatinlekas baik,positive
masyaallah subhanalllah allahuakbar,positive
harta kumpul ikut tenggelam cry,neutral
tau daerah sumatra sering persekusi orang ibadah mungkin timbal balik,negative
moga semua bencana lekas akhir,neutral
dios mio este es el fin esto va a ser el apocalypse,neutral
air mata alam ikut menagis,negative
berat buah juang moga kuat sht selalu saudara semua,positive
sekarang fokus bantu kalaupun minimal doa baik buat,neutral
what happened whos chasing them,negative
kayak begini korupsi bukan kan salah bijak perintah rugi aset negara,negative
akibat serakah manusia hutan babat habis,negative
bantu logistik perintah lagi usahain bantu lain kayak obat sppg ikut turun tangan loh pokok buat sodara sana stay save,neutral
amin,negative
bukan bencana nasional,neutral
pray for sumatera kampung halaman padang pariaman bagaimana kondisi,neutral
allah moga beri kuat sabar lagi beri coba saudara ku,positive
allahinj open donasi langsung daerah gasiiiharus daerah tolongg utama orangorang yang pertama,neutral
guna tiktok ada ini cnn,negative
moga semua kuat,positive
hati narasi pecah belah satu bangsa sekarang adalah waktu saling bantu gandeng tanganmengeratkan genggam satu langkah bantu saudara timpa bencana bukan waktu saling salah cari salah jatuh satu sama lain punya tenaga sila bantu tenaga milik lebih rejeki sila bantu dana bagi belum milik dua bantu doa bila belum bantu apajanganlah keruh ada bijak komentar atas musibah yang timpa saudara di sana moga saudara sana senantiasa lindung tuhan beri keselamatankesehatan tabah moga bencana lekas berlalusegera tanggulang situasi segera dipulihkanamin,positive
hotman paris official gerindra menteri sekretariat negara metro tv kais adil kpkri kapolri indonesia menteri agama ri gibran rakabuming,neutral
allah batu gede gaban atas gunung moga semua lindung bencana,negative
kabar baik sekarang bantu dua pusat gerak semga kali distribusi lebih mudah utama akses dengar kata mulai surut,positive
el mundo ha cambiado dios tenga misericordia,negative
kemarin perintah kirim bantu bahkan pakai pesawat kan biar cepat,neutral
bukan soal jawa bukan gokusnya sekarang bagaimana pastiin bantu pusat kirim tenda perahu sama logistik kok,negative
allah lindung saudara semua mana pn ada amin,positive
telusur siapa usaha izin exploitasi hutan bisa ulang biar,neutral
rakyat bantu rakyat turut perihatin sama bencana sana moga masalah bantu lain segera datang,positive
dulu aku bilang jangan gundulin hutan jangan nambang sembarang akhir peristiwa terjadiramalan top cer josjis,negative
moga cepat respon,neutral
bukti jelas tunggu apa tangkap adil mulyono,negative
ayo dong pemimpinbabat hutan lagiayo masyarakat buang sampah sungai lagidan kalau gin kata takdir,negative
jujur status ku janda anak ini cari damping mau terima aku apa ada laki laki suku apa asal orang baik mau sayang sama anak ku saja ku cari mesti ganteng apa banyak harta asal mau kerja keras setia cukup,negative
ini ulah manusiaaaaa,negative
alam balas tangan jahat manusia bagaimana,negative
belum terimakasih buat semua pihak sudah bantu baik perintah atau semua rawan juang bantu alhamdulillah situasi angsur angsur mulai baik hari hari kemarin mungkin bisa wakil semua orang saya pribadi sangat sangat berterimakasih kalian semua atas bantu sudah beri,positive
bismillah sama sama ngelewatin semua sama tidak usah salah salah serang pihak tentu fokus buat selamat sodara sodara di sumatra,neutral
sama doa bantu mampu untuk pulih bencana sumatera,neutral
dari segenap warga jawa hama ucap turut duka cita moga kuat segera baik,positive
cambodia is with you,neutral
innalilahi wa innailaihi rojiun allah selamat saudara,positive
allah sedih lihat,negative
epek serakah manusia,negative
inna lillahi wa inna illaihi rojiun,positive
misericordia jehova dios seor jesucristo te pedimos que porfavor intercedas por mis projimos que se encuentra en una gran necesidad estan en peligro deh vida o muerte ullendo deh los riesgos buscando refugios salvacin no ahi no existe ninguno todo a su alrededor esta en emergencia destruccin por favor te pedimos nuestro seor jesucristo intercedas una vez mas has sido nuestro manto deh proteccin cuidado te rogamos seor,positive
eh tadi aku lihat berita kalau beberapa daerah medan mulai surut,negative
moga cepat baik allahsemoga kalian saudara beri keslmatan,positive
tuhan btw turut duka moga lekas baik perintah lagi usahain buat bantu lain,neutral
tidak rih namanama ungsi korban aku cari kawan ku kerja puskesmas kolang nmny maureen refka pasaribu,neutral
karena hutan tebangin sih,negative
moga cepat surut air,neutral
innalilahhitojiunnn,negative
kuat kan ya allah,negative
yaallah moga cepat baik,positive
astaghfirullahwa atubu ilaihi,negative
prabowo mana,neutral
wadoh tambah puruk lah ekonomi negara,negative
allahuakbar ampun segala dosa aaminn yra,negative
serius kabupaten,neutral
gara gara perintah mah di hutan jadi gundul longsor,negative
ohya tuhan,negative
moga allah lindung saudara sibolga,negative
ingat tinggal dipukulin istirahat masjid,negative
sabar sodaraku sedang dapat coba,positive
ada anak bayi bagaimana kabar,negative
moga lekas surut air moga bantu segera datang,positive
perintah sibuk urus palestin,negative
boby mana boby,negative
daerah rusak tambang uang bawa jawa,neutral
bismillah moga beri kuat mudah sabar jalan terang,positive
minta bantu boby,neutral
batu gunung sbsr hanyut,neutral
akibat bala liar tahu rezim mul,negative
bobby mana bobby mana sibuk cuci tangan,negative
boby manaaaa,negative
pakpak bharat kena,negative
my god,neutral
alam hidup manusia manusia bisa hidup alam kau rusak alamalam bisa rusak kau,negative
turut duka pray for sibolga begitu alam tidak imbang,neutral
sumatera utara gubernur siapa,neutral
allah bagaimana lansia bayi anak,negative
aceh semua kabupaten banjir,negative
lekk besi nih hempas banjirrr,negative
akibat tamak gelintir mns buat bencana besar,negative
sibolga ada pemuda bunuh istirahat mesjid kan,negative
kasihan,negative
sama masyarakatnyapemerintahnyaharus tobat,negative
kalau bisa bantu paling jangan hujat saling doa moga sgra atas,positive
karinaaa,negative
innalilahiwainailaihirojiun,negative
sumatra barat parah min,negative
allah amin,positive
turut duka buat warga sumatra moga cepat bantu beri,neutral
mahasiswa aniaya hingga tinggal masjid gereja rusak ibadah bubar hutan habis buka tambang akibat jadi sadar tobat,negative
innalillahi sodara sodaraq ada tinggal tebing tinggi,negative
allah moga sepupu ada kabar berita,neutral
hukum indonesia lebih tegas jangan pandang bulu mohon maaf jikah kata yang salah,negative
angkat tangan serah allah swt,neutral
jadi disumatra paling parah sih,negative
alam bicara,negative
alam marah sama luhut,negative
allah sedih sekali moga banyak selamat sumatra,negative
kapan yang banjir,negative
alam rusak,negative
mana aparatur negara mana anggota dpr mana tni mana damkar mana polisikenapa ada langsung kelihatanapsksh kalian bisa tidur lena lihat vidio,neutral
allah lindung lah dari segala bencana,negative
astafirualloh alazim,negative
allah lindung sawdarah ku tertimpah musibah,negative
ada bencana jadi ingat lagu ebiet adek,neutral
makin yakin kalau ai soal susah beda mana asli mana ai,negative
allah rabbampuni dosa,negative
astaghfirullah merinding lihat moga allah beri tolong segera amin,negative
gubernur bagaimana ada koordinasi tni bagaimana evakuasi,neutral
moga allah tolong kalian inshallah penuh rumah tuhan pray for nusantara,positive
kayak indonesia tiap akhir tahun saja musibah besar kayak begini allah lindung orang kena banjir selamatin dengan cara allah amin,negative
mantap indonesia memang,positive
bobbi mana bobbi kasihan rakyat,negative
kondisi sirandorung bagaimana yang tau balas komen,negative
allah moga saudarakita ada sana lindung beri selamat,positive
gundulin hutan siapa kena siapa coba mana perintah tempat sudah nginep hotel,negative
moga cepat datang bantu tempat tinggal oleh perintah,positive
allah tidur juga lupa atas doa orang tua korban mati masjid sibolga,negative
rabb,neutral
di sulawesi malah kering,negative
moga kalian kuat jalan musibah,positive
nov sibolangit nov sibolga,neutral
sabar uji kakak,negative
allahuakbar kesi kalianmoga allah swt gantikn rezeki lebih baik,positive
ingat sang cipta pimpin mau kuasa alam tangki pertamina ingat wahai manusia alam cipta sang cipta bukan kalian asas ada yang lebih kuasa kalian ini adalah tegur kecil sang cipta,negative
ampun batu gajah seret arustampa halang benar tambah rusak,negative
info buat papa quparulian purba,neutral
berapa rugi materil imateril akibat bncana di akibat ulah tebang hutan sih laku ganti rugi masyarakat bukan cabut izin tpl perintah tanggung jawab,negative
moga cepat baik indonesia,positive
moga cepat pulih semua,positive
henti bala hutan,negative
gibran rakabuming gerindra,neutral
moga bencana di sudah larut larutsemoga beri sabar sehat semua,positive
perintah punya mata sih lihat musibah masih mau utama palestina,negative
wakto seperti inihanya tang diri sendiri sahajayg batosemoga beri mud kandi atas urus kalianaammmii,negative
ulah beberapa manusia utama punya usaha hampir seluruh warga sumatera utara kena imbas,neutral
babat hutan yang tanggung jawab,negative
tegur tuhan alam sedang sembuh luka,negative
moga saudara sumatra utara beri lindung selamat,neutral
moga lekas pulih allah,neutral
pak bobi,negative
mungkin hujan potong kayu gelondong,neutral
perintah lamban evaluasi masyarakat kalau dijawa mungkin langsung presiden turun tangan sumatra anak tiri jawanesia,negative
innalilahi wa inna ilaihi rajiun,positive
tak yang nak palak air banjir pak mungkin air banjir boleh bayar duit,negative
alam marah,negative
astaghfirullah,negative
aceh bantu,negative
tabah kalian ibuk kakak abng adek adek,negative
kayukayu balok jadi saksi betapa kejam alam rusak,negative
netizen hari kalian ngeluh apa,negative
innalillahiwainnailaihirojiun moga allah ganti lebih baik saudara ii ku,positive
bnpb mana mana,negative
innalillahiwainnailaihirojiun,positive
adil bobby,negative
moga lekas baik,positive
allah ampun dosa ikan tolong sodara,negative
allahhuakhbar moga bsik saudara sana,positive
padahal bentar mau natal rip,negative
bisa doa selamat kalian saudara,neutral
mungkin tegur kata oknum bunbun musafir masjid,negative
innalilahisemoga allah senantiasa lindung sodaraku semua sana,positive
data korban lihat ya,neutral
kapan grup medan periksa kpk,neutral
masyallahtabahkan hati kalian semuanyasehat,positive
masuk daerah pimpin sang mantu,neutral
allahuakbar allah,negative
moga selamat smuakasihan,positive
belah mau dihabisin taman nasionalnyamungkin ingin bagi bencana kayak begini,negative
stay safe sibolga tapteng,neutral
allah lindunginlah saudara semua sana,negative
gubernur nya apa sih,negative
kita marah,negative
tutup tpl satu beberapa faktor buat sumut landa bencana,neutral
kapan jadi kodong,neutral
jadi semua ajar jangan mau sogok pilkada pilpres kita yang derita tanggung semua,negative
hoi pemeeintah jabat kalisn tidak menempakkan diri lihat langsung eakyat mnghadipi musibah kangen kalisn tidur turun tur,negative
perintah sibuk usir masarakat berdomosili tnah ilegal,negative
subhanallah moga cepat lalu,positive
tegur tuhan,negative
bingung banyak kayu hanyut,negative
makan duit hasil keruk sda sendiri gilir bencana alam bagi masyarakat lekas baik sumatra ku,neutral
aku takut banget kalau doa hewan di sakit oknum tanggung jawab yang rusak rumah hewan karena serakah alam adil,negative
allah lindung lah saudara yang sana,negative
allahmdahan ada korban jiwa,negative
tolonglaaa kasih bantu allah,positive
allah lindung semua,negative
alam sedang minta lindung tuhan atas segala laku manusia benar ini gapapa alam kan punya hak hidup bukan cuma manusia toh air tanah lumpur pohon lewat jalur sejati milik alam sendiri jadi jangan terlalu risau alam jauh lebih hak jauh lebih dulu adaalam reaksi atas aksi manusia,negative
tuhannn,negative
tuhan lindung saudara,negative
prabowosubianto,neutral
kasihan banget,negative
cepat dong perintah tindak,negative
perintah segera turun bantu,neutral
izin share,neutral
moga selamat semua,positive
tuhan moga bencana cepat selesai,neutral
mga cepat surut air,neutral
baut apa nyalain perintah kan gubernur gubernur sigap dong jangan nyalain jawa,negative
innalillahi wainailaihi rojiun sabar saudara sulit ada mudah moga kalian selamat ikan sehat tabah sabar insha allah di ganti yang lebih baik amin allah,positive
kapan lalu bal kena musibah ini kakak moga allah selalu jaga lindung semua,negative
kasihaaaps saudara landa bencana mncari tempat kslamtan diri dsn keluarga yaallah engkau lindung dari untun musibah,positive
mintak sama boby sama mulyonoo,positive
rusa darat di laut sebab ulah manusia,negative
gunung banyak tebang,negative
lindung lah saudara saudara yang ada medan allah,negative
allah sedih melihatnyastop ya allah,negative
tuhan yesus mereka tuhan,negative
gubernur mana nih enak banget dia rakyat derita,negative
potong kayu sangat rapi,positive
akibat ambah hutan,negative
bagaimana anak anak kayak bayi,negative
allahuakbar moga semua dalam ada selamat sehat walafiat amin,positive
bencana landa akibat tangan jahat manusia lingkung,negative
moga semua selamat allah,positive
ampun,negative
sampai sekarang hujan deras medan kota,negative
habis hutan sumatera alam hukum,neutral
sampai batu besar bisa jalan yaya allah tolongin di sana,negative
dpr ri prabowo subianto bobbynst gerindra partai solidaritas indonesia greenpeaceid,neutral
moga cepat bantu perintah,positive
mana timsar basarnas jenis cepat gegas lorr,neutral
yaallahtlong lindung,negative
batang kayu banyak betul mungkin banyak tebang liar,negative
anda harus tanya perintah tempat perintah tempat lindung baja hutan sana untuk keruk hasil bumi tidak lihat resiko di timbul kemudian hari,negative
verrell bramasta uya kuya zulhasan deddy corbuzier,neutral
astagfirullah,negative
masyaaallah batu besar bisa,negative
allah moga cepat lalu bencana banjir bandang sibolga,negative
suka,negative
indosiarid,neutral
lah hasil hutan gundul di tunjuk allah hamba di sebab manusia rakus akibat rakyat jadi korban,negative
yaallah selamat lah saudara dari musibah becanal,negative
hukum gajah sumatera banjir semua,negative
allah huakbar astaqfirulloh aladzim robb,negative
perintah kayak raya punya saham usaha tambang sawityang dampak warga,neutral
sawit kau tanam air bah kau tuai,neutral
nama yesus tolong,neutral
mana gubernur sumut ubah dulu sumut kenal dingin sejuk air bersih ramah tamah sekarang,negative
cepat baik lindung selalu saudara lu semua,positive
alhamdulillah sampai lokasi,positive
bismillahirrahmanirrahim allah lindung saudara ku allah sekolah bisa tolong saudara ku lagi kena musibah bencana apa presiden tolong saudara apa presiden,neutral
mangkanya tobat lah kalian semua,negative
pohonnnn ditebangin izin woii pemdanya tanggung jawab lah,negative
takdir,negative
ingat tas siaga selalu siap belakang pintu kita akan pernah tau kapan bencana jadi,positive
bobby tanggung jawab kau,negative
halo kakak semua sedang scroll tiktok ngemil produk yuk biar makin nyaman scroll rasa beda yang wajib kamu coba yuk cek akun ya,neutral
partai solidaritas indonesia gibran rakabuming gerindra media prabowo,neutral
yuhuuu semangat gubernur kuuuuuu,positive
kasihan banget untung begitu desa gwe,negative
